,Supermarket Name,Address,Municipality,Suburb,Postcode
0,Spiral Tubes,"6-8 Ardill Street, Melbourne VIC 3777, Australia",Shire of Yarra Ranges,,3777
1,Woolworths,"1038-1042 Burwood Highway, Ferntree Gully VIC 3156, Australia",City of Knox,Ferntree Gully,3156
2,ALDI,"493 Frankston-Dandenong Road, Carrum Downs VIC 3201, Australia",City of Frankston,Carrum Downs,3201
3,Ritchies IGA,"342 Belgrave - Gembrook Road, Emerald VIC 3791, Australia",Shire of Cardinia,Emerald,3791
4,Leo's Fine Food & Wine,"26 Princess Street, Kew VIC 3101, Australia",City of Boroondara,Kew,3101
5,Costco,"29 Bond Street, Ringwood VIC 3134, Australia",City of Maroondah,Ringwood,3134
6,Coles,"15 Church Street, Melbourne VIC 3915, Australia",Shire of Mornington Peninsula,,3915
7,Coles,"95-103 Johnston Street, Fitzroy VIC 3065, Australia",City of Yarra,Fitzroy,3065
8,Woolworths,"659 Mountain Highway, Bayswater VIC 3153, Australia",City of Knox,Bayswater,3153
9,Coles,"1880 Ferntree Gully Road, Ferntree Gully VIC 3156, Australia",City of Knox,Ferntree Gully,3156
10,IGA,"151 Belgrave - Hallam Road, Belgrave South VIC 3160, Australia",Shire of Yarra Ranges,Belgrave South,3160
11,Woolworths,"16-29 Burwood Highway, Belgrave VIC 3160, Australia",Shire of Yarra Ranges,Belgrave,3160
12,Woolworths,"Overland Cruiseway, Ferntree Gully VIC 3156, Australia",City of Knox,Ferntree Gully,3156
13,Woolworths,"383-385 Belgrave - Gembrook Road, Emerald VIC 3782, Australia",Shire of Cardinia,Emerald,3782
14,IGA,"62-64 Main Street, Upwey VIC 3158, Australia",Shire of Yarra Ranges,Upwey,3158
15,Jefferies | Your Local Provedore,"40-42 Plymouth Road, Croydon Hills VIC 3136, Australia",City of Maroondah,Croydon Hills,3136
16,Woolworths,"334 Murray Road, Preston VIC 3072, Australia",City of Darebin,Preston,3072
17,IGA,"1579 Ferntree Gully Road, Knoxfield VIC 3180, Australia",City of Knox,Knoxfield,3180
18,North Melbourne Supa IGA + Liquor,"20-26 Errol Street, North Melbourne VIC 3051, Australia",City of Melbourne,North Melbourne,3051
19,Maxi Foods,"1202 Burwood Highway, Upper Ferntree Gully VIC 3785, Australia",City of Knox,Upper Ferntree Gully,3785
20,Woolworths,"17-39 Canterbury Road, Bayswater North VIC 3153, Australia",City of Maroondah,Bayswater North,3153
21,Coles,"150 Swan Street, Richmond VIC 3121, Australia",City of Yarra,Richmond,3121
22,IGA,"107 Station Street, Ferntree Gully VIC 3156, Australia",City of Knox,Ferntree Gully,3156
23,Melba's Food Hall,"42 Grantham Street, Brunswick West VIC 3055, Australia",City of Merri-bek,Brunswick West,3055
24,Coles,"59 Maroondah Highway, Ringwood VIC 3134, Australia",City of Maroondah,Ringwood,3134
25,Woolworths,"117 Acland Street, St Kilda VIC 3182, Australia",City of Port Phillip,St Kilda,3182
26,McCoppins Food & Wine,"292-294 Queens Parade, Fitzroy North VIC 3068, Australia",City of Yarra,Fitzroy North,3068
27,Terra Madre,"101-105 High Street, Northcote VIC 3070, Australia",City of Darebin,Northcote,3070
28,Woolworths,"90-106 Sydney Road, Brunswick VIC 3056, Australia",City of Merri-bek,Brunswick,3056
29,Coles,"90-106 Sydney Road, Brunswick VIC 3056, Australia",City of Merri-bek,Brunswick,3056
30,IGA,"8 Hatchlands Drive, Deer Park VIC 3023, Australia",City of Brimbank,Deer Park,3023
31,Woolworths,"27 Main Road, Monbulk VIC 3793, Australia",Shire of Yarra Ranges,Monbulk,3793
32,Coles,"230 Cranbourne-Frankston Road, Langwarrin VIC 3910, Australia",City of Frankston,Langwarrin,3910
33,Woolworths,"239-241 Maroondah Highway, Chirnside Park VIC 3116, Australia",Shire of Yarra Ranges,Chirnside Park,3116
34,Woolworths,"171-175 Maroondah Highway, Ringwood VIC 3134, Australia",City of Maroondah,Ringwood,3134
35,Coles,"7-13 High Street, Bayswater VIC 3153, Australia",City of Knox,Bayswater,3153
36,Woolworths,"Allington Place, Langwarrin VIC 3910, Australia",City of Frankston,Langwarrin,3910
37,Organic Wholefoods,"277 Smith Street, Fitzroy VIC 3065, Australia",City of Yarra,Fitzroy,3065
38,Foodworks,"484 Macaulay Road, Kensington VIC 3031, Australia",City of Melbourne,Kensington,3031
39,Coles,"89 Brice Avenue, Mooroolbark VIC 3138, Australia",Shire of Yarra Ranges,Mooroolbark,3138
40,Coles Local,"126 Union Road, Surrey Hills VIC 3127, Australia",City of Boroondara,Surrey Hills,3127
41,Ritchies,"24-29 The Mall, Wantirna VIC 3152, Australia",City of Knox,Wantirna,3152
42,Coles,"29-35 Lake Street, Caroline Springs VIC 3023, Australia",City of Melton,Caroline Springs,3023
43,ALDI,"29-35 Lake Street, Caroline Springs VIC 3023, Australia",City of Melton,Caroline Springs,3023
44,ALDI,"542 Main Street, Mordialloc VIC 3195, Australia",City of Kingston,Mordialloc,3195
45,Woolworths,"Lyndarum Drive, Epping VIC 3076, Australia",City of Whittlesea,Epping,3076
46,Woolworths,"2-14 Calder Park Drive, Taylors Hill VIC 3037, Australia",City of Melton,Taylors Hill,3037
47,Tip Top Butchers,"2/266 Bolton Street, Eltham VIC 3095, Australia",Shire of Nillumbik,Eltham,3095
48,IGA,"6 Olive York Way, Brunswick West VIC 3055, Australia",City of Merri-bek,Brunswick West,3055
49,Woolworths,"224-238 Mount Dandenong Road, Croydon VIC 3136, Australia",City of Maroondah,Croydon,3136
50,Woolworths,"Shoppers Lane, Taylors Lakes VIC 3038, Australia",City of Brimbank,Taylors Lakes,3038
51,Ritchies,"204 Warrandyte Road, Ringwood North VIC 3134, Australia",City of Maroondah,Ringwood North,3134
52,IGA,"1368 Malvern Road, Malvern VIC 3144, Australia",City of Stonnington,Malvern,3144
53,Coles,"Maroondah Highway, Ringwood VIC 3134, Australia",City of Maroondah,Ringwood,3134
54,Woolworths,"568 Warburton Highway, Seville VIC 3139, Australia",Shire of Yarra Ranges,Seville,3139
55,Ritchies,"89 Mount Eliza Way, Mount Eliza VIC 3930, Australia",Shire of Mornington Peninsula,Mount Eliza,3930
56,Coles,"342-344 Belmore Road, Balwyn VIC 3103, Australia",City of Boroondara,Balwyn,3103
57,Coles,"172 Smith Street, Collingwood VIC 3066, Australia",City of Yarra,Collingwood,3066
58,ALDI,"313 Doncaster Road, Balwyn North VIC 3104, Australia",City of Boroondara,Balwyn North,3104
59,Boccaccio SUPA IGA,"1050 Burke Road, Balwyn VIC 3103, Australia",City of Boroondara,Balwyn,3103
60,Unwrapped Pantry,"164 Colby Drive, Belgrave South VIC 3160, Australia",Shire of Yarra Ranges,Belgrave South,3160
61,Coles,"Green Gully Road, Clyde VIC 3979, Australia",City of Casey,Clyde,3979
62,Coles,"127 Gourlay Road, Taylors Hill VIC 3037, Australia",City of Melton,Taylors Hill,3037
63,Organic Wholefoods,"137 Mount Alexander Road, Travancore VIC 3031, Australia",City of Moonee Valley,Travancore,3031
64,Oasis,"92-96 Station Street, Fairfield VIC 3078, Australia",City of Darebin,Fairfield,3078
65,The Source Bulk Foods,"112 Sydney Road, Brunswick VIC 3056, Australia",City of Merri-bek,Brunswick,3056
66,Foodworks,"1585 Warburton Highway, Melbourne VIC 3139, Australia",Shire of Yarra Ranges,,3139
67,Soon Lee Asian Grocery,"103 Maroondah Highway, Ringwood VIC 3134, Australia",City of Maroondah,Ringwood,3134
68,The Source Bulk Foods,"180 Commercial Road, South Yarra VIC 3181, Australia",City of Stonnington,South Yarra,3181
69,Foodworks,"93-97 Rose Street, Essendon VIC 3040, Australia",City of Moonee Valley,Essendon,3040
70,IGA,"2-6 Deloraine Drive, Hoppers Crossing VIC 3029, Australia",City of Wyndham,Hoppers Crossing,3029
71,Pricerite Insulation,"17 Infinity Drive, Truganina VIC 3029, Australia",City of Wyndham,Truganina,3029
72,Schutties Fasteners Pty LTd,"10 Bignell Road, Moorabbin VIC 3189, Australia",City of Kingston,Moorabbin,3189
73,Foodworks,"163 Canterbury Road, Heathmont VIC 3135, Australia",City of Maroondah,Heathmont,3135
74,Wholefood Merchants,"794 Burwood Highway, Ferntree Gully VIC 3156, Australia",City of Knox,Ferntree Gully,3156
75,IGA,"388 Warburton Highway, Wandin North VIC 3139, Australia",Shire of Yarra Ranges,Wandin North,3139
76,Coles,"401-415 Maroondah Highway, Croydon North VIC 3136, Australia",City of Maroondah,Croydon North,3136
77,The South African Shop,"112 James Street, Templestowe VIC 3106, Australia",City of Manningham,Templestowe,3106
78,IGA,"82-90 Railway Avenue, Ringwood East VIC 3135, Australia",City of Maroondah,Ringwood East,3135
79,IGA,"13 The Mall, Croydon South VIC 3136, Australia",City of Maroondah,Croydon South,3136
80,Eastfield Natural Foods,"39-41 The Mall, Croydon South VIC 3136, Australia",City of Maroondah,Croydon South,3136
81,IGA,"101 City Vista Court, Fraser Rise VIC 3336, Australia",City of Melton,Fraser Rise,3336
82,Organic Wholefoods,"467 Lygon Street, Brunswick East VIC 3057, Australia",City of Merri-bek,Brunswick East,3057
83,Coles,"66-104 Springfield Road, Blackburn North VIC 3130, Australia",City of Whitehorse,Blackburn North,3130
84,Woolworths,"Williams Road, Blackburn VIC 3130, Australia",City of Whitehorse,Blackburn,3130
85,Coles,"Heywood Street, Caulfield North VIC 3144, Australia",City of Glen Eira,Caulfield North,3144
86,Coles,"1-9 Doncaster Road, Balwyn North VIC 3104, Australia",City of Boroondara,Balwyn North,3104
87,Woolworths,"Upfield Cycle Path, Coburg VIC 3058, Australia",City of Merri-bek,Coburg,3058
88,Woolworths,"50 Plenty Road, Preston VIC 3072, Australia",City of Darebin,Preston,3072
89,Ritchies IGA,"207–213 Beach Street, Frankston VIC 3199, Australia",City of Frankston,Frankston,3199
90,Coles,"190 Union Street, Brunswick West VIC 3055, Australia",City of Merri-bek,Brunswick West,3055
91,Woolworths,"Central Avenue, Moorabbin VIC 3189, Australia",City of Kingston,Moorabbin,3189
92,ALDI,"209 Greens Road, Wyndham Vale VIC 3024, Australia",City of Wyndham,Wyndham Vale,3024
93,Woolworths,"Grimshaw Street, Greensborough VIC 3088, Australia",City of Banyule,Greensborough,3088
94,Coles,"Pier Street, Altona VIC 3018, Australia",City of Hobsons Bay,Altona,3018
95,ALDI,"1009 Burwood Highway, Ferntree Gully VIC 3156, Australia",City of Knox,Ferntree Gully,3156
96,ALDI,"11 Edgewater Boulevard, Maribyrnong VIC 3032, Australia",City of Maribyrnong,Maribyrnong,3032
97,ALDI,"120 Nepean Highway, Dromana VIC 3936, Australia",Shire of Mornington Peninsula,Dromana,3936
98,ALDI,"10-14 High Street, Bayswater VIC 3153, Australia",City of Knox,Bayswater,3153
99,ALDI,"56 Burgundy Street, Heidelberg VIC 3084, Australia",City of Banyule,Heidelberg,3084
100,Coles,"Victoria Avenue, Mitcham VIC 3132, Australia",City of Whitehorse,Mitcham,3132
101,ALDI,"516-520 Station Street, Carrum VIC 3197, Australia",City of Kingston,Carrum,3197
102,Spicelines,"3 Triholm Avenue, Laverton VIC 3028, Australia",City of Hobsons Bay,Laverton,3028
103,Woolworths,"551-557 Warrigal Road, Ashwood VIC 3125, Australia",City of Monash,Ashwood,3125
104,ALDI,"53 Old Princes Highway, Beaconsfield VIC 3807, Australia",Shire of Cardinia,Beaconsfield,3807
105,Coles,"55 Tunstall Square, Doncaster East VIC 3109, Australia",City of Manningham,Doncaster East,3109
106,Woolworths,"17 Walpole Street, Kew VIC 3101, Australia",City of Boroondara,Kew,3101
107,ALDI,"Cramer Street, Preston VIC 3072, Australia",City of Darebin,Preston,3072
108,Foodworks,"799 Nicholson Street, Carlton North VIC 3054, Australia",City of Yarra,Carlton North,3054
109,ALDI,"10-18 Society Avenue, Lyndhurst VIC 3977, Australia",City of Casey,Lyndhurst,3977
110,ALDI,"14-20 Bakewell Street, Cranbourne VIC 3977, Australia",City of Casey,Cranbourne,3977
111,Coles,"5-15 Kent Avenue, Croydon VIC 3136, Australia",City of Maroondah,Croydon,3136
112,Woolworths,"1341 Dandenong Road, Malvern East VIC 3148, Australia",City of Stonnington,Malvern East,3148
113,ALDI,"1341 Dandenong Road, Malvern East VIC 3148, Australia",City of Stonnington,Malvern East,3148
114,ALDI,"King Street, Dandenong VIC 3177, Australia",City of Greater Dandenong,Dandenong,3177
115,Woolworths,"McLeans Road, Bundoora VIC 3083, Australia",City of Whittlesea,Bundoora,3083
116,Woolworths,"Peregrine Place, Carrum Downs VIC 3201, Australia",City of Frankston,Carrum Downs,3201
117,ALDI,"33 Hutchinson Street, Lilydale VIC 3140, Australia",Shire of Yarra Ranges,Lilydale,3140
118,Brunswick Supa IGA,"614 Sydney Road, Brunswick VIC 3056, Australia",City of Merri-bek,Brunswick,3056
119,Coles,"172-210 Burwood Highway, Burwood East VIC 3151, Australia",City of Whitehorse,Burwood East,3151
120,ALDI,"512-542 Spencer Street, West Melbourne VIC 3003, Australia",City of Melbourne,West Melbourne,3003
121,Woolworths,"991 Point Nepean Road, Rosebud VIC 3938, Australia",Shire of Mornington Peninsula,Rosebud,3938
122,ALDI,"280-282 Bay Road, Cheltenham VIC 3190, Australia",City of Bayside,Cheltenham,3190
123,ALDI,"1313 Point Nepean Road, Rosebud VIC 3940, Australia",Shire of Mornington Peninsula,Rosebud,3940
124,ALDI,"1-3 Portobello Road, Pakenham VIC 3810, Australia",Shire of Cardinia,Pakenham,3810
125,Coles,"5 Chandler Road, Boronia VIC 3155, Australia",City of Knox,Boronia,3155
126,ALDI,"112-126 Gap Road, Melbourne VIC 3429, Australia",City of Hume,,3429
127,ALDI,"400 Pound Road, Hampton Park VIC 3976, Australia",City of Casey,Hampton Park,3976
128,Woolworths,"89 Centre Dandenong Road, Dingley Village VIC 3172, Australia",City of Kingston,Dingley Village,3172
129,ALDI,"1239 Nepean Highway, Cheltenham VIC 3192, Australia",City of Kingston,Cheltenham,3192
130,Coles,"1239 Nepean Highway, Cheltenham VIC 3192, Australia",City of Kingston,Cheltenham,3192
131,Woolworths,"85 Mount Eliza Way, Mount Eliza VIC 3930, Australia",Shire of Mornington Peninsula,Mount Eliza,3930
132,Coles,"34-36 Princes Highway, Dandenong VIC 3175, Australia",City of Greater Dandenong,Dandenong,3175
133,North Melbourne IGA X-press,"75 Flemington Road, North Melbourne VIC 3051, Australia",City of Melbourne,North Melbourne,3051
134,Ritchies IGA,"280 Seaford Road, Seaford VIC 3198, Australia",City of Frankston,Seaford,3198
135,Coles,"325 Spring Street, Reservoir VIC 3073, Australia",City of Darebin,Reservoir,3073
136,Coles,"361 Bluff Road, Hampton VIC 3188, Australia",City of Bayside,Hampton,3188
137,ALDI,"1128 Nepean Highway, Mornington VIC 3931, Australia",Shire of Mornington Peninsula,Mornington,3931
138,ALDI,"394-406 High Street, Melbourne VIC 3337, Australia",City of Melton,,3337
139,Woolworths,"Erica Avenue, Boronia VIC 3155, Australia",City of Knox,Boronia,3155
140,ALDI,"792-806 Heatherton Road, Springvale South VIC 3172, Australia",City of Greater Dandenong,Springvale South,3172
141,ALDI,"302-330 Millers Road, Altona North VIC 3025, Australia",City of Hobsons Bay,Altona North,3025
142,Coles,"300 Point Cook Road, Point Cook VIC 3030, Australia",City of Wyndham,Point Cook,3030
143,ALDI,"800 Stud Road, Scoresby VIC 3179, Australia",City of Knox,Scoresby,3179
144,Prosperity Asian Grocery,"Tunstall Square, Doncaster East VIC 3109, Australia",City of Manningham,Doncaster East,3109
145,Mr Rhino Supermarket,"67-69 Maroondah Highway, Ringwood VIC 3134, Australia",City of Maroondah,Ringwood,3134
146,ALDI,"67 Ashley Street, West Footscray VIC 3012, Australia",City of Maribyrnong,West Footscray,3012
147,Coles,"369 High Street, Kew VIC 3101, Australia",City of Boroondara,Kew,3101
148,ALDI,"391-395 Station Street, Box Hill South VIC 3128, Australia",City of Whitehorse,Box Hill South,3128
149,ALDI,"6-20 Luck Street, Eltham VIC 3095, Australia",Shire of Nillumbik,Eltham,3095
150,IGA,"916 Mount Dandenong Road, Montrose VIC 3765, Australia",Shire of Yarra Ranges,Montrose,3765
151,ALDI,"Seymour Street, Ringwood VIC 3134, Australia",City of Maroondah,Ringwood,3134
152,KimChi Korean Japanese Grocery,"161-163 Brunswick Street, Fitzroy VIC 3065, Australia",City of Yarra,Fitzroy,3065
153,Coles,"276 Flinders Street, Melbourne VIC 3000, Australia",City of Melbourne,Melbourne,3000
154,Front Cover,"838-840 High Street, Thornbury VIC 3071, Australia",City of Darebin,Thornbury,3071
155,ALDI,"Park Road, Narre Warren VIC 3805, Australia",City of Casey,Narre Warren,3805
156,Woolworths,"386 Racecourse Road, Flemington VIC 3031, Australia",City of Moonee Valley,Flemington,3031
157,Coles,"201 Spencer Street, Docklands VIC 3000, Australia",City of Melbourne,Docklands,3000
158,ALDI,"Robbs Parade, Northcote VIC 3070, Australia",City of Darebin,Northcote,3070
159,Casa Iberica,"25 Johnston Street, Fitzroy VIC 3065, Australia",City of Yarra,Fitzroy,3065
160,IGA,"10 Aviation Road, Laverton VIC 3028, Australia",City of Hobsons Bay,Laverton,3028
161,ALDI,"29 Centre Road, Bentleigh VIC 3204, Australia",City of Glen Eira,Bentleigh,3204
162,ALDI,"1009-101 Sydney Road, Coburg North VIC 3058, Australia",City of Merri-bek,Coburg North,3058
163,Foodworks,"306 Racecourse Road, Flemington VIC 3031, Australia",City of Moonee Valley,Flemington,3031
164,Chelsea Heights IGA,"199 Thames Promenade, Chelsea Heights VIC 3196, Australia",City of Kingston,Chelsea Heights,3196
165,ALDI,"313-325 Victoria Street, Abbotsford VIC 3067, Australia",City of Yarra,Abbotsford,3067
166,Woolworths,"220 Carlisle Street, Balaclava VIC 3183, Australia",City of Port Phillip,Balaclava,3183
167,The Happy Apple,"176-178 Victoria Street, Seddon VIC 3011, Australia",City of Maribyrnong,Seddon,3011
168,Woolworths,"371 Police Road, Mulgrave VIC 3170, Australia",City of Monash,Mulgrave,3170
169,ALDI,"271 Police Road, Mulgrave VIC 3170, Australia",City of Monash,Mulgrave,3170
170,ALDI,"1/8 Franklin Street, Melbourne VIC 3000, Australia",City of Melbourne,Melbourne,3000
171,Woolworths,"313-325 Victoria Street, Abbotsford VIC 3067, Australia",City of Yarra,Abbotsford,3067
172,ALDI,"27 Nepean Highway, Mentone VIC 3194, Australia",City of Kingston,Mentone,3194
173,ALDI,"28 Beach Street, Frankston VIC 3199, Australia",City of Frankston,Frankston,3199
174,ALDI,"45 Main Road, Lower Plenty VIC 3093, Australia",City of Banyule,Lower Plenty,3093
175,Woolworths,"Jamieson Street, Cheltenham VIC 3192, Australia",City of Kingston,Cheltenham,3192
176,Hinoki Japanese Pantry,"279 Smith Street, Fitzroy VIC 3065, Australia",City of Yarra,Fitzroy,3065
177,ALDI,"175 Maroondah Highway, Melbourne VIC 3777, Australia",Shire of Yarra Ranges,,3777
178,East Melbourne General Store,"53 Hotham Street, East Melbourne VIC 3002, Australia",City of Melbourne,East Melbourne,3002
179,IGA X-press,"326-328 Lygon Street, Brunswick East VIC 3057, Australia",City of Merri-bek,Brunswick East,3057
180,ALDI,"25 Main Street, Greensborough VIC 3088, Australia",City of Banyule,Greensborough,3088
181,IGA,"306-310 Johnston Street, Abbotsford VIC 3067, Australia",City of Yarra,Abbotsford,3067
182,ALDI,"318 Bell Street, Heidelberg West VIC 3081, Australia",City of Banyule,Heidelberg West,3081
183,Aunt Maggies,"188 Gertrude Street, Fitzroy VIC 3065, Australia",City of Yarra,Fitzroy,3065
184,ALDI,"1100 Wellington Road, Rowville VIC 3178, Australia",City of Knox,Rowville,3178
185,ALDI,"80 Taylors Road, Keilor Downs VIC 3038, Australia",City of Brimbank,Keilor Downs,3038
186,Woolworths,"Capital Promenade, Lyndhurst VIC 3977, Australia",City of Casey,Lyndhurst,3977
187,Coles,"1389-1391 Centre Road, Clayton VIC 3168, Australia",City of Monash,Clayton,3168
188,Woolworths,"598-618 Main Street, Mordialloc VIC 3195, Australia",City of Kingston,Mordialloc,3195
189,ALDI,"288 Centre Dandenong Road, Moorabbin Airport VIC 3202, Australia",City of Kingston,Moorabbin Airport,3202
190,Foodworks,"135 Wells Street, Southbank VIC 3006, Australia",City of Melbourne,Southbank,3006
191,Piedimonte's IGA,"Bell Street, Pascoe Vale South VIC 3044, Australia",City of Merri-bek,Pascoe Vale South,3044
192,ALDI,"584-604 Grimshaw Street, Bundoora VIC 3083, Australia",City of Banyule,Bundoora,3083
193,ALDI,"135 Inkerman Street, St Kilda VIC 3182, Australia",City of Port Phillip,St Kilda,3182
194,ALDI,"14-16 Hall Street, Moonee Ponds VIC 3039, Australia",City of Moonee Valley,Moonee Ponds,3039
195,Coles,"22-55 Overland Drive, Narre Warren VIC 3805, Australia",City of Casey,Narre Warren,3805
196,Woolworths,"Magid Drive, Narre Warren VIC 3805, Australia",City of Casey,Narre Warren,3805
197,ALDI,"Amis Crescent, Keilor East VIC 3034, Australia",City of Moonee Valley,Keilor East,3034
198,Ritchie's IGA,"1/11 Narelle Drive, Aspendale Gardens VIC 3195, Australia",City of Kingston,Aspendale Gardens,3195
199,Natural Food Market,"33 Were Street, Montmorency VIC 3094, Australia",City of Banyule,Montmorency,3094
200,ALDI,"M02 Main Street, Mornington VIC 3931, Australia",Shire of Mornington Peninsula,Mornington,3931
201,Coles,"819-829 Princes Highway, Springvale VIC 3171, Australia",City of Greater Dandenong,Springvale,3171
202,ALDI,"181 Reynolds Road, Doncaster East VIC 3109, Australia",City of Manningham,Doncaster East,3109
203,ALDI,"Blackburn Road, Burwood East VIC 3151, Australia",City of Whitehorse,Burwood East,3151
204,ALDI,"292-298 Sydney Road, Brunswick VIC 3056, Australia",City of Merri-bek,Brunswick,3056
205,ALDI,"100 Market Street, Southbank VIC 3205, Australia",City of Port Phillip,Southbank,3205
206,King & Godfree,"293 Lygon Street, Carlton VIC 3053, Australia",City of Melbourne,Carlton,3053
207,Frootz on Parade,"274 Queens Parade, Fitzroy North VIC 3068, Australia",City of Yarra,Fitzroy North,3068
208,Coles,"Castella Street, Lilydale VIC 3140, Australia",Shire of Yarra Ranges,Lilydale,3140
209,ALDI,"4 Main Street, Point Cook VIC 3030, Australia",City of Wyndham,Point Cook,3030
210,ALDI,"239-241 Maroondah Highway, Chirnside Park VIC 3116, Australia",Shire of Yarra Ranges,Chirnside Park,3116
211,ALDI,"300 Point Cook Road, Point Cook VIC 3030, Australia",City of Wyndham,Point Cook,3030
212,IGA,"151 Sturt Street, Southbank VIC 3006, Australia",City of Melbourne,Southbank,3006
213,ALDI,"77-83 Synnot Street, Werribee VIC 3030, Australia",City of Wyndham,Werribee,3030
214,Sunshine Fruit Market,"Devonshire Road, Sunshine VIC 3020, Australia",City of Brimbank,Sunshine,3020
215,Coles,"1434-1468 Sydney Road, Campbellfield VIC 3060, Australia",City of Hume,Campbellfield,3060
216,ALDI,"347-371 Dalton Road, Epping VIC 3076, Australia",City of Whittlesea,Epping,3076
217,IGA,"23 Melrose Street, North Melbourne VIC 3051, Australia",City of Melbourne,North Melbourne,3051
218,ALDI,"324-328 Hampshire Road, Sunshine VIC 3020, Australia",City of Brimbank,Sunshine,3020
219,ALDI,"495 Burwood Highway, Vermont South VIC 3133, Australia",City of Whitehorse,Vermont South,3133
220,ALDI,"5 Queen Street, Melbourne VIC 3915, Australia",Shire of Mornington Peninsula,,3915
221,IGA,"66-68 Gertz Avenue, Reservoir VIC 3073, Australia",City of Darebin,Reservoir,3073
222,ALDI,"1089-109 Frankston-Flinders Road, Somerville VIC 3912, Australia",Shire of Mornington Peninsula,Somerville,3912
223,ALDI,"2-18 Koornang Road, Carnegie VIC 3163, Australia",City of Glen Eira,Carnegie,3163
224,Coles,"380 Bay Street, Brighton VIC 3186, Australia",City of Bayside,Brighton,3186
225,ALDI,"380 Sayers Road, Tarneit VIC 3029, Australia",City of Wyndham,Tarneit,3029
226,ALDI,"850 Plenty Road, Reservoir VIC 3073, Australia",City of Darebin,Reservoir,3073
227,ALDI,"1099-116 Pascoe Vale Road, Broadmeadows VIC 3047, Australia",City of Hume,Broadmeadows,3047
228,ALDI,"400 Narre Warren Road, Cranbourne North VIC 3977, Australia",City of Casey,Cranbourne North,3977
229,ALDI,"1 Linsell Boulevard, Cranbourne East VIC 3977, Australia",City of Casey,Cranbourne East,3977
230,ALDI,"638 Warburton Highway, Seville VIC 3139, Australia",Shire of Yarra Ranges,Seville,3139
231,ALDI,"124-134 Millers Road, Altona North VIC 3025, Australia",City of Hobsons Bay,Altona North,3025
232,Coles,"16A Albert Street, Footscray VIC 3011, Australia",City of Maribyrnong,Footscray,3011
233,ALDI,"34 Elizabeth Street, South Yarra VIC 3141, Australia",City of Stonnington,South Yarra,3141
234,ALDI,"1 Central Avenue, Altona Meadows VIC 3028, Australia",City of Hobsons Bay,Altona Meadows,3028
235,ALDI,"32-36 Main Road, Monbulk VIC 3793, Australia",Shire of Yarra Ranges,Monbulk,3793
236,Woolworths,"Wickford Road, Tarneit VIC 3029, Australia",City of Wyndham,Tarneit,3029
237,Mediterranean Wholesalers,"482 Sydney Road, Brunswick VIC 3056, Australia",City of Merri-bek,Brunswick,3056
238,Foodworks,"Doncaster Road, Balwyn North VIC 3104, Australia",City of Boroondara,Balwyn North,3104
239,Woolworths,"Loading dock, Keysborough VIC 3173, Australia",City of Greater Dandenong,Keysborough,3173
240,Coles,"11-17 Station Road, Melton South VIC 3338, Australia",City of Melton,Melton South,3338
241,Coles,"229 Coventry Street, South Melbourne VIC 3205, Australia",City of Port Phillip,South Melbourne,3205
242,Coles,"Tarneit Road, Tarneit VIC 3029, Australia",City of Wyndham,Tarneit,3029
243,ALDI,"299-301 Manningham Road, Templestowe Lower VIC 3107, Australia",City of Manningham,Templestowe Lower,3107
244,ALDI,"235 Springvale Road, Glen Waverley VIC 3150, Australia",City of Monash,Glen Waverley,3150
245,Kew Friendly Supermarket,"81A Willsmere Road, Kew VIC 3101, Australia",City of Boroondara,Kew,3101
246,4 Cousins,"363-383 Nepean Highway, Parkdale VIC 3195, Australia",City of Kingston,Parkdale,3195
247,IGA,"140 Station Street, Fairfield VIC 3078, Australia",City of Darebin,Fairfield,3078
248,Cardamones Food and Wine,"143 Station Street, Fairfield VIC 3078, Australia",City of Darebin,Fairfield,3078
249,Quoc Te United Asian Food Stores,"445 High Street, Preston VIC 3072, Australia",City of Darebin,Preston,3072
250,Mrs Wan's Asian Mart Cranbourne,"47-53 High Street, Cranbourne VIC 3977, Australia",City of Casey,Cranbourne,3977
251,Woolworths,"742 Toorak Road, Hawthorn East VIC 3123, Australia",City of Boroondara,Hawthorn East,3123
252,ALDI,"466-468 Cheltenham Road, Keysborough VIC 3172, Australia",City of Greater Dandenong,Keysborough,3172
253,ALDI,"15-25 Station Street, Camberwell VIC 3126, Australia",City of Boroondara,Camberwell,3126
254,IGA,"655 High Street, Kew East VIC 3102, Australia",City of Boroondara,Kew East,3102
255,ALDI,"3-11 Mitchell Street, Doncaster East VIC 3109, Australia",City of Manningham,Doncaster East,3109
256,Oranges & Lemons,"132 Weston Street, Brunswick East VIC 3057, Australia",City of Merri-bek,Brunswick East,3057
257,Grocer eez,"5/428 Old Geelong Road, Hoppers Crossing VIC 3029, Australia",City of Wyndham,Hoppers Crossing,3029
258,ALDI,"330 Cranbourne Road, Frankston VIC 3199, Australia",City of Frankston,Frankston,3199
259,ALDI,"Palladium Circuit, Clyde North VIC 3979, Australia",City of Casey,Clyde North,3979
260,ALDI,"The Glades, Hoppers Crossing VIC 3029, Australia",City of Wyndham,Hoppers Crossing,3029
261,ALDI,"8-34 Gladstone Park Drive, Gladstone Park VIC 3043, Australia",City of Hume,Gladstone Park,3043
262,ALDI,"340 Craigieburn Road, Craigieburn VIC 3064, Australia",City of Hume,Craigieburn,3064
263,Ecopact Groceries,"208 Nicholson Street, Footscray VIC 3011, Australia",City of Maribyrnong,Footscray,3011
264,ALDI,"247 Johnston Street, Fitzroy VIC 3065, Australia",City of Yarra,Fitzroy,3065
265,IGA,"70 Jumping Creek Road, Wonga Park VIC 3115, Australia",City of Manningham,Wonga Park,3115
266,IGA,"116-120 Canterbury Road, Heathmont VIC 3135, Australia",City of Maroondah,Heathmont,3135
267,ALDI,"5-15 Kent Avenue, Croydon VIC 3136, Australia",City of Maroondah,Croydon,3136
268,IGA,"11 Salisbury Avenue, Blackburn VIC 3130, Australia",City of Whitehorse,Blackburn,3130
269,Terra Madre,"775-781 Sydney Road, Brunswick VIC 3056, Australia",City of Merri-bek,Brunswick,3056
270,The WaterStop Shop,"20 Dalgety Street, Oakleigh VIC 3166, Australia",City of Monash,Oakleigh,3166
271,Foodworks,"670-672 Maroondah Highway, Coldstream VIC 3770, Australia",Shire of Yarra Ranges,Coldstream,3770
272,Om Sevvel Indian Store,"107 Maroondah Highway, Ringwood VIC 3134, Australia",City of Maroondah,Ringwood,3134
273,Naturally On High,"697-699 High Street, Thornbury VIC 3071, Australia",City of Darebin,Thornbury,3071
274,Chinland Asian Grocery,"52 Railway Avenue, Ringwood East VIC 3135, Australia",City of Maroondah,Ringwood East,3135
275,FoodWorks Thomastown,"126 Alexander Avenue, Thomastown VIC 3074, Australia",City of Whittlesea,Thomastown,3074
276,Karen Asian Grocery,"37 The Mall, Croydon South VIC 3136, Australia",City of Maroondah,Croydon South,3136
277,Fuji Mart,"34 Elizabeth Street, South Yarra VIC 3141, Australia",City of Stonnington,South Yarra,3141
278,ALDI,"425 Burwood Highway, Wantirna South VIC 3152, Australia",City of Knox,Wantirna South,3152
279,IGA,"245 Ormond Road, Narre Warren South VIC 3805, Australia",City of Casey,Narre Warren South,3805
280,Gum Tree Good Food,"114 Toorak Road, South Yarra VIC 3141, Australia",City of Stonnington,South Yarra,3141
281,FoodWorks,"474 Lygon Street, Brunswick East VIC 3057, Australia",City of Merri-bek,Brunswick East,3057
282,ALDI,"754-768 Princes Highway, Springvale VIC 3171, Australia",City of Greater Dandenong,Springvale,3171
283,Woolworths,"Upfield Shared Path, Brunswick VIC 3056, Australia",City of Merri-bek,Brunswick,3056
284,Woolworths,"958 - 978 Doncaster Road, Doncaster East VIC 3109, Australia",City of Manningham,Doncaster East,3109
285,Woolworths,"Elizabeth Street, Melbourne VIC 3915, Australia",Shire of Mornington Peninsula,,3915
286,IGA,"High Street, Melbourne VIC 3915, Australia",Shire of Mornington Peninsula,,3915
287,Woolworths,"2A Stevens Road, Forest Hill VIC 3131, Australia",City of Whitehorse,Forest Hill,3131
288,Costco,"Capital City Trail, Docklands VIC 3008, Australia",City of Melbourne,Docklands,3008
289,Woolworths,"Manchester Grove, Glen Huntly VIC 3162, Australia",City of Glen Eira,Glen Huntly,3162
290,Coles,"4-6 Bent Street, Bentleigh VIC 3204, Australia",City of Glen Eira,Bentleigh,3204
291,Woolworths,"Davies Street, Mentone VIC 3194, Australia",City of Kingston,Mentone,3194
292,Coles,"81-93 Mentone Parade, Mentone VIC 3194, Australia",City of Kingston,Mentone,3194
293,Woolworths,"Burwood Highway, Burwood East VIC 3128, Australia",City of Whitehorse,Burwood East,3128
294,IGA,"Bruce Road, Frankston VIC 3199, Australia",City of Frankston,Frankston,3199
295,IGA,"15-23 Fawkner Street, Westmeadows VIC 3049, Australia",City of Hume,Westmeadows,3049
296,Woolworths,"Arthur Street, Eltham VIC 3095, Australia",Shire of Nillumbik,Eltham,3095
297,Woolworths,"Horne Street, Melbourne VIC 3429, Australia",City of Hume,,3429
298,Albion Budget Supermarket,"Albion Street, Brunswick West VIC 3055, Australia",City of Merri-bek,Brunswick West,3055
299,Ritchies,"108 Ocean Beach Road, Sorrento VIC 3943, Australia",Shire of Mornington Peninsula,Sorrento,3943
300,Food Factory Sales,"6 High Street, Bayswater VIC 3153, Australia",City of Knox,Bayswater,3153
301,Woolworths,"Stud Road, Rowville VIC 3178, Australia",City of Knox,Rowville,3178
302,Leo's Fine Food & Wine,"131/133 Burgundy Street, Heidelberg VIC 3084, Australia",City of Banyule,Heidelberg,3084
303,Coles,"Jensen Road, Preston VIC 3072, Australia",City of Darebin,Preston,3072
304,Coles,"620 Victoria Street, Richmond VIC 3121, Australia",City of Yarra,Richmond,3121
305,Coles,"56 Burgundy Street, Heidelberg VIC 3084, Australia",City of Banyule,Heidelberg,3084
306,Coles,"4 Livingstone Street, Ivanhoe VIC 3079, Australia",City of Banyule,Ivanhoe,3079
307,Coles,"240 Glenroy Road, Glenroy VIC 3046, Australia",City of Merri-bek,Glenroy,3046
308,Woolworths,"Hygeia Street, Rye VIC 3941, Australia",Shire of Mornington Peninsula,Rye,3941
309,Woolworths,"Highett Road, Highett VIC 3190, Australia",City of Bayside,Highett,3190
310,Coles,"160-178 Glenferrie Road, Malvern VIC 3144, Australia",City of Stonnington,Malvern,3144
311,NQR,"Beach Street, Frankston VIC 3199, Australia",City of Frankston,Frankston,3199
312,ALDI,"15 Dundas Street, Preston VIC 3072, Australia",City of Darebin,Preston,3072
313,Woolworths,"28 Sylvia Road, Beaconsfield VIC 3807, Australia",Shire of Cardinia,Beaconsfield,3807
314,Foodworks,"Dobell Place, Dallas VIC 3047, Australia",City of Hume,Dallas,3047
315,Woolworths,"302 Springvale Road, Springvale VIC 3171, Australia",City of Greater Dandenong,Springvale,3171
316,Coles,"37, Essendon VIC 3040, Australia",City of Moonee Valley,Essendon,3040
317,Thành Phát,"86-88 Hopkins Street, Footscray VIC 3011, Australia",City of Maribyrnong,Footscray,3011
318,Thai Sun Food Market,"22 Station Street, Nunawading VIC 3131, Australia",City of Whitehorse,Nunawading,3131
319,Coles,"495-511 Burwood Highway, Vermont South VIC 3133, Australia",City of Whitehorse,Vermont South,3133
320,Coles,"425 Burwood Highway, Wantirna South VIC 3152, Australia",City of Knox,Wantirna South,3152
321,Coles,"Glebe Street, Forest Hill VIC 3131, Australia",City of Whitehorse,Forest Hill,3131
322,Woolworths,"270 Canterbury Road, Forest Hill VIC 3131, Australia",City of Whitehorse,Forest Hill,3131
323,IGA,"141 Lonsdale Street, Dandenong VIC 3177, Australia",City of Greater Dandenong,Dandenong,3177
324,Coles,"45 McCombe Street, Rosebud VIC 3939, Australia",Shire of Mornington Peninsula,Rosebud,3939
325,Coles,"1101 Stud Road, Rowville VIC 3178, Australia",City of Knox,Rowville,3178
326,Coles,"1341 Dandenong Road, Chadstone VIC 3148, Australia",City of Stonnington,Chadstone,3148
327,Coles,"250 Heaths Road, Hoppers Crossing VIC 3029, Australia",City of Wyndham,Hoppers Crossing,3029
328,Woolworths,"Tramoo Street, Lalor VIC 3075, Australia",City of Whittlesea,Lalor,3075
329,Woolworths,"Hannah Street, Preston VIC 3081, Australia",City of Darebin,Preston,3081
330,Woolworths,"Peninsula Link Trail, Frankston VIC 3199, Australia",City of Frankston,Frankston,3199
331,Coles,"10-20 Waltham Street, Sandringham VIC 3191, Australia",City of Bayside,Sandringham,3191
332,Woolworths,"235 Springvale Road, Glen Waverley VIC 3150, Australia",City of Monash,Glen Waverley,3150
333,Coles,"227-235 Springvale Road, Glen Waverley VIC 3150, Australia",City of Monash,Glen Waverley,3150
334,Woolworths,"353 Hampton Street, Hampton VIC 3188, Australia",City of Bayside,Hampton,3188
335,Woolworths,"Oak Terrace, Wheelers Hill VIC 3170, Australia",City of Monash,Wheelers Hill,3170
336,Coles,"533-555 High Street, Melton West VIC 3337, Australia",City of Melton,Melton West,3337
337,Woolworths,"Coburns Road, Melton West VIC 3337, Australia",City of Melton,Melton West,3337
338,Coles,"9-17 Lakeside Boulevard, Pakenham VIC 3810, Australia",Shire of Cardinia,Pakenham,3810
339,Coles,"140 Windermere Boulevard, Pakenham VIC 3810, Australia",Shire of Cardinia,Pakenham,3810
340,Psarakos Market,"Clarendon Street, Thornbury VIC 3071, Australia",City of Darebin,Thornbury,3071
341,Woolworths,"33 Hutchinson Street, Lilydale VIC 3140, Australia",Shire of Yarra Ranges,Lilydale,3140
342,Gumtree,"36 Armstrong Street, Middle Park VIC 3206, Australia",City of Port Phillip,Middle Park,3206
343,Ritchie's IGA,"Hamilton Place, Mount Waverley VIC 3149, Australia",City of Monash,Mount Waverley,3149
344,Coles,"67-69 Main Street, Pakenham VIC 3810, Australia",Shire of Cardinia,Pakenham,3810
345,Woolworths,"CandyTuft Close, Cranbourne North VIC 3977, Australia",City of Casey,Cranbourne North,3977
346,Coles,"Henry Road, Pakenham VIC 3810, Australia",Shire of Cardinia,Pakenham,3810
347,Coles,"335 Ballarto Road, Carrum Downs VIC 3201, Australia",City of Frankston,Carrum Downs,3201
348,Woolworths,"28 Beach Street, Frankston VIC 3199, Australia",City of Frankston,Frankston,3199
349,Coles,"28 Beach Street, Frankston VIC 3199, Australia",City of Frankston,Frankston,3199
350,Coles,"78 Barkly Street, Mornington VIC 3931, Australia",Shire of Mornington Peninsula,Mornington,3931
351,Woolworths,"Edward Street, Somerville VIC 3912, Australia",Shire of Mornington Peninsula,Somerville,3912
352,Coles,"49 Eramosa Road West, Somerville VIC 3912, Australia",Shire of Mornington Peninsula,Somerville,3912
353,Woolworths,"317 Cheltenham Road, Keysborough VIC 3173, Australia",City of Greater Dandenong,Keysborough,3173
354,Coles,"317 Cheltenham Road, Keysborough VIC 3173, Australia",City of Greater Dandenong,Keysborough,3173
355,Costco,"Chifley Drive, Moorabbin Airport VIC 3172, Australia",City of Kingston,Moorabbin Airport,3172
356,Coles,"290 Gordons Road, South Morang VIC 3752, Australia",City of Whittlesea,South Morang,3752
357,Coles,"860-874 Dandenong Road, Caulfield East VIC 3145, Australia",City of Glen Eira,Caulfield East,3145
358,Woolworths,"2-18 Koornang Road, Carnegie VIC 3163, Australia",City of Glen Eira,Carnegie,3163
359,Coles,"619 Doncaster Road, Doncaster VIC 3108, Australia",City of Manningham,Doncaster,3108
360,Woolworths,"Doncaster Road, Doncaster VIC 3108, Australia",City of Manningham,Doncaster,3108
361,Woolworths,"110 Wattletree Road, Armadale VIC 3144, Australia",City of Stonnington,Armadale,3144
362,Coles,"400 Cranbourne Road, Narre Warren South VIC 3977, Australia",City of Casey,Narre Warren South,3977
363,Alligator Brand Pasta,"275 Hyde Street, Yarraville VIC 3013, Australia",City of Maribyrnong,Yarraville,3013
364,Coles,"Taxi Access, Altona North VIC 3025, Australia",City of Hobsons Bay,Altona North,3025
365,Coles,"McDonalds Road, Mill Park VIC 3032, Australia",City of Whittlesea,Mill Park,3032
366,Woolworths,"Bush Boulevard, Mill Park VIC 3032, Australia",City of Whittlesea,Mill Park,3032
367,Woolworths,"Merchant Lane, Docklands VIC 3008, Australia",City of Melbourne,Docklands,3008
368,Coles,"67 Ashley Street, West Footscray VIC 3012, Australia",City of Maribyrnong,West Footscray,3012
369,Coles,"906 Main Road, Eltham VIC 3095, Australia",Shire of Nillumbik,Eltham,3095
370,Woolworths,"Branch Street, South Morang VIC 3082, Australia",City of Whittlesea,South Morang,3082
371,IGA,"Orana Drive, Watsonia VIC 3087, Australia",City of Banyule,Watsonia,3087
372,Coles,"25 Main Street, Greensborough VIC 3088, Australia",City of Banyule,Greensborough,3088
373,Psarakos Market,"8 Clarendon Street, Thornbury VIC 3071, Australia",City of Darebin,Thornbury,3071
374,Top Mart,"393 Clayton Road, Clayton VIC 3169, Australia",City of Monash,Clayton,3169
375,Coles,"434 Maroondah Highway, Croydon VIC 3136, Australia",City of Maroondah,Croydon,3136
376,Coles,"5 Janefield Drive, Bundoora VIC 3082, Australia",City of Whittlesea,Bundoora,3082
377,Woolworths,"Malvern Road, Toorak VIC 3142, Australia",City of Stonnington,Toorak,3142
378,Woolworths Metro,"Balluk Willam Court, St Kilda VIC 3182, Australia",City of Port Phillip,St Kilda,3182
379,Coles,"181-189 Barkly Street, St Kilda VIC 3182, Australia",City of Port Phillip,St Kilda,3182
380,Woolworths,"39 Hanover Street, Oakleigh VIC 3617, Australia",City of Monash,Oakleigh,3617
381,IGA,"Queen Street, Melbourne VIC 3000, Australia",City of Melbourne,Melbourne,3000
382,Woolworths,"399 Melton Highway, Taylors Lakes VIC 3038, Australia",City of Brimbank,Taylors Lakes,3038
383,Woolworths,"399 Melton Highway, Taylors Lakes VIC 3038, Australia",City of Brimbank,Taylors Lakes,3038
384,ALDI,"399 Melton Highway, Taylors Lakes VIC 3038, Australia",City of Brimbank,Taylors Lakes,3038
385,Woolworths,"222 Lonsdale Street, Melbourne VIC 3000, Australia",City of Melbourne,Melbourne,3000
386,Coles,"23-55 McCrae Street, Dandenong VIC 3177, Australia",City of Greater Dandenong,Dandenong,3177
387,About Life,"120 Bay Street, Port Melbourne VIC 3207, Australia",City of Port Phillip,Port Melbourne,3207
388,Port Melbourne IGA,"78 Bay Street, Port Melbourne VIC 3207, Australia",City of Port Phillip,Port Melbourne,3207
389,Woolworths,"Rathgar Mews, Wyndham Vale VIC 3024, Australia",City of Wyndham,Wyndham Vale,3024
390,Costco,"Deveny Road, Epping VIC 3075, Australia",City of Whittlesea,Epping,3075
391,Woolworths,"Lyall Road, Berwick VIC 3806, Australia",City of Casey,Berwick,3806
392,Foodworks,"35-41 Theodore Street, St Albans VIC 3021, Australia",City of Brimbank,St Albans,3021
393,Coles,"30 English Street, Essendon Fields VIC 3041, Australia",City of Moonee Valley,Essendon Fields,3041
394,Ritchies,"Heather Street, Bentleigh East VIC 3204, Australia",City of Glen Eira,Bentleigh East,3204
395,Sika Supermarket,"105 Brunswick Street, Fitzroy VIC 3065, Australia",City of Yarra,Fitzroy,3065
396,Coles,"251 Maroondah Highway, Melbourne VIC 3777, Australia",Shire of Yarra Ranges,,3777
397,Woolworths,"Merrigum Crescent, Clarinda VIC 3169, Australia",City of Kingston,Clarinda,3169
398,Coles,"25 Separation Street, Northcote VIC 3070, Australia",City of Darebin,Northcote,3070
399,Woolworths,"Boormanii Drive, Mornington VIC 3931, Australia",Shire of Mornington Peninsula,Mornington,3931
400,Woolworths,"71 Kororoit Creek Road, Williamstown VIC 3016, Australia",City of Hobsons Bay,Williamstown,3016
401,Foodworks,"169 Gertrude Street, Fitzroy VIC 3065, Australia",City of Yarra,Fitzroy,3065
402,Coles,"26 Church Street, Brighton VIC 3186, Australia",City of Bayside,Brighton,3186
403,Coles,"215-225 Parkhill Drive, Berwick VIC 3806, Australia",City of Casey,Berwick,3806
404,ALDI,"McDonalds Road, Mill Park VIC 3032, Australia",City of Whittlesea,Mill Park,3032
405,Woolworths,"McGahy Street, Templestowe Lower VIC 3107, Australia",City of Manningham,Templestowe Lower,3107
406,Foodworks,"Queensberry Street, North Melbourne VIC 3051, Australia",City of Melbourne,North Melbourne,3051
407,IGA,"516 Bridge Road, Richmond VIC 3121, Australia",City of Yarra,Richmond,3121
408,Costante Imports,"379-385 Bell Street, Preston VIC 3072, Australia",City of Darebin,Preston,3072
409,Coles,"29 Douglas Parade, Williamstown VIC 3016, Australia",City of Hobsons Bay,Williamstown,3016
410,Coles,"101 Manningham Road, Bulleen VIC 3105, Australia",City of Manningham,Bulleen,3105
411,Woolworths,"Heaths Court, Mill Park VIC 3032, Australia",City of Whittlesea,Mill Park,3032
412,Minh Phat Asian Supermarket,"2-8 Nicholson Street, Abbotsford VIC 3067, Australia",City of Yarra,Abbotsford,3067
413,Renaissance IGA,"550 Glenferrie Road, Hawthorn VIC 3122, Australia",City of Boroondara,Hawthorn,3122
414,Woolworths,"Comben Drive, Werribee VIC 3030, Australia",City of Wyndham,Werribee,3030
415,Woolworths,"Payne Street, Gladstone Park VIC 3049, Australia",City of Hume,Gladstone Park,3049
416,Woolworths,"Collins Street, Docklands VIC 3008, Australia",City of Melbourne,Docklands,3008
417,Coles,"571-583 High Street, Epping VIC 3076, Australia",City of Whittlesea,Epping,3076
418,Coles,"25 Separation Street, Northcote VIC 3070, Australia",City of Darebin,Northcote,3070
419,Coles,"271 Police Road, Mulgrave VIC 3170, Australia",City of Monash,Mulgrave,3170
420,Coles,"766 Toorak Road, Hawthorn East VIC 3123, Australia",City of Boroondara,Hawthorn East,3123
421,Foodworks,"Waterdale Road, Heidelberg West VIC 3081, Australia",City of Banyule,Heidelberg West,3081
422,ALDI,"Cresthaven Boulevard, Berwick VIC 3806, Australia",City of Casey,Berwick,3806
423,Coles,"95 O'Shea Road, Berwick VIC 3806, Australia",City of Casey,Berwick,3806
424,French's IGA X-Press,"Kerrie Road, Glen Waverley VIC 3150, Australia",City of Monash,Glen Waverley,3150
425,IGA,"Victoria Parade, East Melbourne VIC 3002, Australia",City of Melbourne,East Melbourne,3002
426,Coles,"High Street, Cranbourne VIC 3977, Australia",City of Casey,Cranbourne,3977
427,Woolworths,"104 Church Street, Brighton VIC 3186, Australia",City of Bayside,Brighton,3186
428,MKS Spices 'n Things,"276-278 Main Road East, St Albans VIC 3021, Australia",City of Brimbank,St Albans,3021
429,Coles,"20 Homer Street, Moonee Ponds VIC 3039, Australia",City of Moonee Valley,Moonee Ponds,3039
430,Woolworths,"102-114 Gladesville Boulevard, Patterson Lakes VIC 3197, Australia",City of Kingston,Patterson Lakes,3197
431,The Source Bulk Foods,"202 Smith Street, Collingwood VIC 3066, Australia",City of Yarra,Collingwood,3066
432,Lai Grocery,"73 Brice Avenue, Mooroolbark VIC 3138, Australia",Shire of Yarra Ranges,Mooroolbark,3138
433,Woolworths,"Kiernan Avenue, Ivanhoe VIC 3079, Australia",City of Banyule,Ivanhoe,3079
434,Coles,"580 Springvale Road, Wheelers Hill VIC 3150, Australia",City of Monash,Wheelers Hill,3150
435,ALDI,"580 Springvale Road, Wheelers Hill VIC 3150, Australia",City of Monash,Wheelers Hill,3150
436,Ritchies,"Gibson Street, Dromana VIC 3936, Australia",Shire of Mornington Peninsula,Dromana,3936
437,Coles,"29-35 Louis Street, Airport West VIC 3042, Australia",City of Moonee Valley,Airport West,3042
438,Woolworths,"Rodd Road, Airport West VIC 3042, Australia",City of Moonee Valley,Airport West,3042
439,Woolworths,"Somerville Road, Hampton Park VIC 3976, Australia",City of Casey,Hampton Park,3976
440,IGA,"1 North Road, Ormond VIC 3204, Australia",City of Glen Eira,Ormond,3204
441,Ritchies IGA,"Frankston-Dandenong Road, Carrum Downs VIC 3201, Australia",City of Frankston,Carrum Downs,3201
442,IGA,"90 Lower Plenty Road, Rosanna VIC 3084, Australia",City of Banyule,Rosanna,3084
443,Woolworths,"80 Harvester Road, Sunshine VIC 3020, Australia",City of Brimbank,Sunshine,3020
444,Coles,"739 Point Nepean Road, McCrae VIC 3938, Australia",Shire of Mornington Peninsula,McCrae,3938
445,Coles,"8 Manor Lakes Boulevard, Manor Lakes VIC 3024, Australia",City of Wyndham,Manor Lakes,3024
446,Coles,"28-72 Neale Road, Deer Park VIC 3021, Australia",City of Brimbank,Deer Park,3021
447,Woolworths,"Neale Road, Deer Park VIC 3023, Australia",City of Brimbank,Deer Park,3023
448,Coles,"39 Hanover Street, Oakleigh VIC 3617, Australia",City of Monash,Oakleigh,3617
449,Coles,"22 McKimmies Road, Lalor VIC 3075, Australia",City of Whittlesea,Lalor,3075
450,Coles,"95 Monahans Road, Cranbourne West VIC 3977, Australia",City of Casey,Cranbourne West,3977
451,La Manna Supermarket,"Taylor Street, Essendon Fields VIC 3041, Australia",City of Moonee Valley,Essendon Fields,3041
452,Coles,"2-28 Evans Street, Melbourne VIC 3429, Australia",City of Hume,,3429
453,Foodworks,"Charles Street, Seddon VIC 3011, Australia",City of Maribyrnong,Seddon,3011
454,Woolworths,"Warrigal Road, Oakleigh South VIC 3167, Australia",City of Monash,Oakleigh South,3167
455,Woolworths,"Station Street, Camberwell VIC 3126, Australia",City of Boroondara,Camberwell,3126
456,Coles,"4-14 Burke Avenue, Hawthorn East VIC 3126, Australia",City of Boroondara,Hawthorn East,3126
457,Ritchies,"1100 Wellington Road, Rowville VIC 3178, Australia",City of Knox,Rowville,3178
458,ALDI,"Jovic Road, Epping VIC 3075, Australia",City of Whittlesea,Epping,3075
459,Woolworths,"Jovic Road, Epping VIC 3075, Australia",City of Whittlesea,Epping,3075
460,Coles,"116-118 Gladesville Boulevard, Patterson Lakes VIC 3197, Australia",City of Kingston,Patterson Lakes,3197
461,Coles,"80 Taylors Road, Keilor Downs VIC 3038, Australia",City of Brimbank,Keilor Downs,3038
462,Woolworths,"50-54 John Street, Pakenham VIC 3810, Australia",Shire of Cardinia,Pakenham,3810
463,Coles,"1-5 Douglas Street, Noble Park VIC 3174, Australia",City of Greater Dandenong,Noble Park,3174
464,KFL Chinese Convenience Store,"1029 Doncaster Road, Doncaster East VIC 3109, Australia",City of Manningham,Doncaster East,3109
465,Coles,"78 Heatherton Road, Endeavour Hills VIC 3802, Australia",City of Casey,Endeavour Hills,3802
466,Woolworths,"Matthew Flinders Avenue, Endeavour Hills VIC 3802, Australia",City of Casey,Endeavour Hills,3802
467,Woolworths,"James Street, Baxter VIC 3911, Australia",Shire of Mornington Peninsula,Baxter,3911
468,Woolworths,"171 Nepean Highway, Mentone VIC 3194, Australia",City of Kingston,Mentone,3194
469,Coles,"2-4 Cooke Street, Clayton VIC 3168, Australia",City of Monash,Clayton,3168
470,Woolworths,"Jasper Road, Bentleigh VIC 3204, Australia",City of Glen Eira,Bentleigh,3204
471,Woolworths,"Birtchnell Lane, Chelsea VIC 3196, Australia",City of Kingston,Chelsea,3196
472,IGA,"48-56 Tom Roberts Parade, Point Cook VIC 3030, Australia",City of Wyndham,Point Cook,3030
473,Woolworths,"Station Street, Melbourne VIC, Australia",Shire of Cardinia,,
474,Coles,"75 Lynbrook Boulevard, Lynbrook VIC 3975, Australia",City of Casey,Lynbrook,3975
475,Woolworths,"Grand Boulevard, Craigieburn VIC 3064, Australia",City of Hume,Craigieburn,3064
476,Ritchies,"McDowell Street, Rosebud VIC 3938, Australia",Shire of Mornington Peninsula,Rosebud,3938
477,Woolworths,"Buckley Street, Keilor East VIC 3034, Australia",City of Moonee Valley,Keilor East,3034
478,Coles,"15-25 Westwood Drive, Burnside VIC 3023, Australia",City of Melton,Burnside,3023
479,Foodworks,"49 Were Street, Montmorency VIC 3094, Australia",City of Banyule,Montmorency,3094
480,Woolworths,"Childs Road, Mill Park VIC 3032, Australia",City of Whittlesea,Mill Park,3032
481,Coles,"1-23 Central Avenue, Altona Meadows VIC 3028, Australia",City of Hobsons Bay,Altona Meadows,3028
482,Coles,"320-380 Epsom Road, Flemington VIC 3031, Australia",City of Melbourne,Flemington,3031
483,Bittern IGA,"Peddle Street, Bittern VIC 3920, Australia",Shire of Mornington Peninsula,Bittern,3920
484,Coles,"100 Furlong Road, Cairnlea VIC 3023, Australia",City of Brimbank,Cairnlea,3023
485,Coles,"181 Reynolds Road, Doncaster East VIC 3109, Australia",City of Manningham,Doncaster East,3109
486,Woolworths,"181 Reynolds Road, Doncaster East VIC 3109, Australia",City of Manningham,Doncaster East,3109
487,Woolworths Metro Clifton Hill,"141-147 Queens Parade, Clifton Hill VIC 3068, Australia",City of Yarra,Clifton Hill,3068
488,Woolworths,"Fitzroy Street, Pakenham VIC 3809, Australia",Shire of Cardinia,Pakenham,3809
489,Xin Fang Supermarket,"Dudley Street, West Melbourne VIC 3000, Australia",City of Melbourne,West Melbourne,3000
490,Coles,"1 Main Street, Point Cook VIC 3030, Australia",City of Wyndham,Point Cook,3030
491,Sonsa Foods,"216-218 Smith Street, Collingwood VIC 3066, Australia",City of Yarra,Collingwood,3066
492,Woolworths,"1099 - 1169 Pascoe Vale Road, Broadmeadows VIC 3047, Australia",City of Hume,Broadmeadows,3047
493,Coles,"1099-1169 Pascoe Vale Road, Broadmeadows VIC 3047, Australia",City of Hume,Broadmeadows,3047
494,Coles,"239-241 Maroondah Highway, Chirnside Park VIC 3116, Australia",Shire of Yarra Ranges,Chirnside Park,3116
495,Woolworths,"111 Cecil Street, South Melbourne VIC 3205, Australia",City of Port Phillip,South Melbourne,3205
496,Woolworths,"Hanson Road, Craigieburn VIC 3064, Australia",City of Hume,Craigieburn,3064
497,Woolworths,"McCrae Street, Dandenong VIC 3177, Australia",City of Greater Dandenong,Dandenong,3177
498,Woolworths,"120-200 Rosamond Road, Maribyrnong VIC 3032, Australia",City of Maribyrnong,Maribyrnong,3032
499,Coles,"250 Somerton Road, Roxburgh Park VIC 3048, Australia",City of Hume,Roxburgh Park,3048
